,Player,Pos,Age,Tm,G,MP,FG%,3P,3P%,FTA,FT%,RB,AST,STL,BLK,PTS
0,Álex Abrines,SG,25,OKC,31,588,0.357,41,0.323,13,0.923,48,20,17,6,165
1,Quincy Acy,PF,28,PHO,10,123,0.222,2,0.133,10,0.7,25,8,1,4,17
2,Jaylen Adams,PG,22,ATL,34,428,0.345,25,0.338,9,0.778,60,65,14,5,108
3,Steven Adams,C,25,OKC,80,2669,0.595,0,0,292,0.5,760,124,117,76,1108
4,Bam Adebayo,C,21,MIA,82,1913,0.576,3,0.2,226,0.735,597,184,71,65,729
5,Deng Adel,SF,21,CLE,19,194,0.306,6,0.261,4,1,19,5,1,4,32
6,DeVaughn Akoon-Purcell,SG,25,DEN,7,22,0.3,0,0,2,0.5,4,6,2,0,7
7,LaMarcus Aldridge,C,33,SAS,81,2687,0.519,10,0.238,412,0.847,744,194,43,107,1727
8,Rawle Alkins,SG,21,CHI,10,120,0.333,3,0.25,12,0.667,26,13,1,0,37
9,Grayson Allen,SG,23,UTA,38,416,0.376,32,0.323,60,0.75,23,25,6,6,211
10,Jarrett Allen,C,20,BRK,80,2096,0.59,6,0.133,278,0.709,672,110,43,120,873
11,Kadeem Allen,SG,26,NYK,19,416,0.461,17,0.472,54,0.778,51,76,16,4,189
12,Al-Farouq Aminu,PF,28,POR,81,2292,0.433,96,0.343,173,0.867,610,104,68,33,760
13,Justin Anderson,SF,25,ATL,48,463,0.408,24,0.312,35,0.743,84,23,22,13,178
14,Kyle Anderson,SF,25,MEM,43,1281,0.543,9,0.265,64,0.578,251,128,54,37,346
15,Ryan Anderson,PF,30,TOT,25,322,0.304,9,0.225,16,0.75,54,19,4,1,63
16,Ryan Anderson,PF,30,PHO,15,278,0.317,7,0.206,14,0.786,45,17,3,1,56
17,Ryan Anderson,PF,30,MIA,10,44,0.222,2,0.333,2,0.5,9,2,1,0,7
18,Ike Anigbogu,C,20,IND,3,6,0,0,,0,,3,1,0,1,0
19,Giannis Antetokounmpo,PF,24,MIL,72,2358,0.578,52,0.256,686,0.729,898,424,92,110,1994
20,Kostas Antetokounmpo,PF,21,DAL,2,11,0,0,,4,0.5,1,0,2,0,2
21,Carmelo Anthony,PF,34,HOU,10,294,0.405,21,0.328,22,0.682,54,5,4,7,134
22,,,,,,,,,,,,,,,,
23,OG Anunoby,SF,21,TOR,67,1352,0.453,67,0.332,62,0.581,197,47,46,22,469
24,Ryan Arcidiacono,PG,24,CHI,81,1961,0.447,81,0.373,102,0.873,219,269,65,4,544
25,Trevor Ariza,SF,33,TOT,69,2349,0.399,145,0.334,164,0.793,371,252,91,21,863
26,Trevor Ariza,SF,33,PHO,26,884,0.379,50,0.36,43,0.837,145,87,38,8,258
27,Trevor Ariza,SF,33,WAS,43,1465,0.409,95,0.322,121,0.777,226,165,53,13,605
28,D.J. Augustin,PG,31,ORL,81,2269,0.47,131,0.421,209,0.866,203,426,52,4,948
29,Deandre Ayton,C,20,PHO,71,2183,0.585,0,0,189,0.746,729,125,61,67,1159
30,Dwayne Bacon,SG,23,CHO,43,759,0.475,38,0.437,46,0.739,89,47,12,5,316
31,Marvin Bagley,PF,19,SAC,62,1567,0.504,30,0.313,262,0.691,471,62,33,59,923
32,Ron Baker,SG,25,TOT,15,152,0.2,1,0.077,6,0.833,11,15,6,1,14
33,Ron Baker,SG,25,NYK,11,107,0.25,1,0.111,6,0.833,7,13,5,0,14
34,Ron Baker,SG,25,WAS,4,45,0,0,0,0,,4,2,1,1,0
35,Wade Baldwin,PG,22,POR,16,94,0.303,2,0.222,11,0.727,15,12,1,2,30
36,Lonzo Ball,PG,21,LAL,47,1423,0.406,75,0.329,48,0.417,251,255,69,19,465
37,Mohamed Bamba,C,20,ORL,47,766,0.481,21,0.3,63,0.587,233,39,13,64,292
38,J.J. Barea,PG,34,DAL,38,752,0.418,38,0.297,78,0.705,95,211,22,1,415
39,Harrison Barnes,PF-SF,26,TOT,77,2533,0.42,174,0.395,278,0.824,361,115,50,13,1265
40,Harrison Barnes,PF,26,DAL,49,1584,0.404,121,0.389,198,0.833,207,62,33,11,866
41,Harrison Barnes,SF,26,SAC,28,949,0.455,53,0.408,80,0.8,154,53,17,2,399
42,Will Barton,SG,28,DEN,43,1189,0.402,67,0.342,74,0.77,199,124,18,22,494
43,Keita Bates-Diop,SF,23,MIN,30,503,0.423,13,0.25,28,0.643,83,17,18,14,151
44,Nicolas Batum,SF,30,CHO,75,2354,0.45,116,0.389,89,0.865,390,247,71,43,699
45,Jerryd Bayless,PG,30,MIN,34,657,0.357,29,0.296,28,0.571,62,119,18,2,209
46,Aron Baynes,C,32,BOS,51,821,0.471,21,0.344,62,0.855,240,57,12,34,284
47,Kent Bazemore,SG,29,ATL,67,1643,0.402,96,0.32,175,0.726,261,152,89,42,779
48,Bradley Beal,SG,25,WAS,82,3028,0.475,209,0.351,448,0.808,411,448,121,58,2099
49,,,,,,,,,,,,,,,,
50,Malik Beasley,SG,22,DEN,81,1879,0.474,163,0.402,66,0.848,200,97,55,10,917
51,Michael Beasley,PF,30,LAL,26,277,0.49,3,0.176,39,0.718,60,25,9,10,181
52,Marco Belinelli,SG,32,SAS,79,1815,0.413,147,0.372,124,0.903,198,132,35,8,829
53,Jordan Bell,C,24,GSW,68,788,0.516,0,0,41,0.61,184,76,20,51,223
54,DeAndre' Bembry,SG,24,ATL,82,1931,0.446,50,0.289,136,0.64,358,202,105,41,687
55,Dragan Bender,PF,21,PHO,46,826,0.447,22,0.218,54,0.593,183,56,18,22,230
56,Dairis Bertāns,SG,29,NOP,12,167,0.255,10,0.294,0,,9,10,1,0,34
57,Dāvis Bertāns,PF,26,SAS,76,1632,0.45,145,0.429,60,0.883,264,100,35,33,606
58,Patrick Beverley,PG,30,LAC,78,2137,0.407,112,0.397,123,0.78,388,300,67,43,596
59,Khem Birch,C,26,ORL,50,643,0.603,0,0,83,0.699,190,38,18,29,240
60,Bismack Biyombo,C,26,CHO,54,783,0.571,0,,91,0.637,247,33,11,41,236
61,Nemanja Bjelica,PF,30,SAC,77,1788,0.479,103,0.401,92,0.761,444,147,54,56,741
62,Antonio Blakeney,SG,22,CHI,57,829,0.419,36,0.396,76,0.658,106,42,12,9,418
63,Eric Bledsoe,PG,29,MIL,78,2272,0.484,124,0.329,236,0.75,362,430,116,29,1241
64,Jaron Blossomgame,SF,25,CLE,27,439,0.443,10,0.256,13,0.769,98,13,7,8,114
65,Bogdan Bogdanović,SG,26,SAC,70,1947,0.418,134,0.36,162,0.827,243,267,72,15,990
66,Bojan Bogdanović,SF,29,IND,81,2573,0.497,164,0.425,305,0.807,333,161,69,1,1454
67,Andrew Bogut,C,34,GSW,11,134,0.5,0,,3,1,55,11,3,8,39
68,Jonah Bolden,PF,23,PHI,44,639,0.494,34,0.354,27,0.481,165,40,17,39,207
69,Isaac Bonga,PG,19,LAL,22,120,0.152,0,0,15,0.6,25,15,9,4,19
70,,,,,,,,,,,,,,,,
71,Devin Booker,SG,22,PHO,64,2242,0.467,135,0.326,454,0.866,265,433,56,13,1700
72,Chris Boucher,PF,26,TOR,28,163,0.447,12,0.324,15,0.867,56,2,6,24,93
73,Avery Bradley,SG,28,TOT,63,1905,0.408,86,0.351,50,0.86,175,152,41,16,625
74,Avery Bradley,SG,28,LAC,49,1463,0.383,58,0.337,25,0.8,131,96,27,16,400
75,Avery Bradley,SG,28,MEM,14,442,0.463,28,0.384,25,0.92,44,56,14,0,225
76,Tony Bradley,C,21,UTA,3,36,0.5,0,,2,0.5,15,1,2,2,17
77,Corey Brewer,SF,32,TOT,31,492,0.431,14,0.318,43,0.721,76,39,32,7,151
78,Corey Brewer,SF,32,PHI,7,140,0.408,4,0.286,13,0.692,17,10,12,2,53
79,Corey Brewer,SF,32,SAC,24,352,0.446,10,0.333,30,0.733,59,29,20,5,98
80,Mikal Bridges,SF,22,PHO,82,2417,0.43,105,0.335,118,0.805,264,173,129,38,684
81,Miles Bridges,SF,20,CHO,80,1696,0.464,65,0.325,77,0.753,323,95,55,49,597
82,Isaiah Briscoe,PG,22,ORL,39,559,0.399,11,0.324,26,0.577,74,87,11,2,136
83,Ryan Broekhoff,SG,28,DAL,42,453,0.452,38,0.409,19,0.789,63,22,6,4,167
84,Malcolm Brogdon,SG,26,MIL,64,1832,0.505,104,0.426,152,0.928,288,205,46,13,1001
85,Dillon Brooks,SF,23,MEM,18,330,0.402,15,0.375,30,0.733,31,16,10,4,135
86,MarShon Brooks,SG,30,MEM,29,387,0.45,15,0.278,33,0.697,45,25,9,4,190
87,Bruce Brown,SG,22,DET,74,1449,0.398,24,0.258,60,0.75,185,91,40,36,319
88,Jaylen Brown,SG,22,BOS,74,1913,0.465,95,0.344,202,0.658,313,100,69,32,964
89,Lorenzo Brown,PG,28,TOR,26,212,0.324,6,0.214,3,1,31,28,12,5,55
90,Sterling Brown,SG,23,MIL,58,1034,0.465,53,0.361,42,0.69,184,84,25,8,372
91,Troy Brown,SF,19,WAS,52,730,0.415,22,0.319,47,0.681,145,80,21,5,248
92,Jalen Brunson,PG,22,DAL,73,1591,0.467,63,0.348,120,0.725,169,230,37,4,678
93,Thomas Bryant,C,21,WAS,72,1496,0.616,33,0.333,137,0.781,454,92,25,67,758
94,Reggie Bullock,SG,27,TOT,63,1879,0.412,148,0.377,85,0.859,173,129,40,12,711
95,Reggie Bullock,SG,27,DET,44,1355,0.413,114,0.388,64,0.875,123,109,24,5,534
96,Reggie Bullock,SG,27,LAL,19,524,0.412,34,0.343,21,0.81,50,20,16,7,177
97,,,,,,,,,,,,,,,,
98,Trey Burke,PG,26,TOT,58,1125,0.431,56,0.352,124,0.831,99,159,33,7,631
99,Trey Burke,PG,26,NYK,33,689,0.413,30,0.349,75,0.827,62,94,21,5,388
100,Trey Burke,PG,26,DAL,25,436,0.463,26,0.356,49,0.837,37,65,12,2,243
101,Alec Burks,SG,27,TOT,64,1375,0.405,61,0.363,141,0.823,235,128,39,21,561
102,Alec Burks,SG,27,UTA,17,269,0.412,16,0.372,38,0.868,27,20,6,4,143
103,Alec Burks,SG,27,CLE,34,979,0.4,45,0.378,98,0.806,186,98,25,16,396
104,Alec Burks,SG,27,SAC,13,127,0.45,0,0,5,0.8,22,10,8,1,22
105,Deonte Burton,SG,25,OKC,32,240,0.402,8,0.296,12,0.667,28,9,6,8,82
106,Jimmy Butler,SF-SG,29,TOT,65,2185,0.462,67,0.347,365,0.855,342,263,123,39,1215
107,Jimmy Butler,SG,29,MIN,10,361,0.471,17,0.378,61,0.787,52,43,24,10,213
108,Jimmy Butler,SF,29,PHI,55,1824,0.461,50,0.338,304,0.868,290,220,99,29,1002
109,Bruno Caboclo,SF,23,MEM,34,800,0.427,48,0.369,50,0.84,158,50,14,33,282
110,José Calderón,PG,37,DET,49,632,0.375,14,0.246,11,0.818,60,115,16,3,113
111,Kentavious Caldwell-Pope,SG,25,LAL,82,2035,0.43,151,0.347,158,0.867,238,110,73,13,938
112,Isaiah Canaan,PG,27,TOT,30,629,0.39,34,0.354,24,0.792,58,84,14,2,181
113,Isaiah Canaan,PG,27,PHO,19,503,0.395,25,0.347,20,0.75,49,62,12,0,142
114,Isaiah Canaan,PG,27,MIN,7,95,0.379,7,0.368,4,1,5,19,2,1,33
115,Isaiah Canaan,PG,27,MIL,4,31,0.333,2,0.4,0,,4,3,0,1,6
116,Clint Capela,C,24,HOU,67,2249,0.648,0,,261,0.636,848,96,44,102,1114
117,DeMarre Carroll,PF,32,BRK,67,1703,0.395,106,0.342,242,0.76,349,85,31,10,744
118,Jevon Carter,PG,23,MEM,39,577,0.303,34,0.333,32,0.813,66,69,26,11,172
119,Vince Carter,PF,42,ATL,76,1330,0.419,123,0.389,66,0.712,194,87,44,27,562
120,Wendell Carter,C,19,CHI,44,1110,0.485,6,0.188,112,0.795,307,78,26,58,455
121,Michael Carter-Williams,PG,27,TOT,28,372,0.374,10,0.263,53,0.604,70,70,20,15,134
122,Michael Carter-Williams,PG,27,HOU,16,145,0.41,7,0.368,26,0.462,13,21,9,6,69
123,Michael Carter-Williams,PG,27,ORL,12,227,0.339,3,0.158,27,0.741,57,49,11,9,65
124,Alex Caruso,PG,24,LAL,25,531,0.445,24,0.48,64,0.797,67,77,24,9,229
125,Omri Casspi,SF,30,MEM,36,520,0.534,15,0.349,58,0.672,115,26,20,9,226
126,Willie Cauley-Stein,C,25,SAC,81,2213,0.556,1,0.5,254,0.551,678,194,96,51,965
127,Troy Caupain,PG,23,ORL,4,16,0.5,2,0.667,0,,3,4,1,0,10
128,Tyler Cavanaugh,PF,24,UTA,11,39,0.3,1,0.2,2,1,8,1,0,0,9
129,Tyson Chandler,C,36,TOT,55,875,0.616,0,0,87,0.586,307,37,21,23,173
130,Tyson Chandler,C,36,PHO,7,89,0.667,0,,18,0.556,39,6,2,1,26
131,Tyson Chandler,C,36,LAL,48,786,0.609,0,0,69,0.594,268,31,19,22,147
132,,,,,,,,,,,,,,,,
133,Wilson Chandler,PF-SF,31,TOT,51,1177,0.418,59,0.373,25,0.72,215,82,25,21,305
134,Wilson Chandler,PF,31,PHI,36,951,0.44,46,0.39,18,0.722,168,72,22,18,241
135,Wilson Chandler,SF,31,LAC,15,226,0.348,13,0.325,7,0.714,47,10,3,3,64
136,Joe Chealey,PG,23,CHO,1,8,0.333,0,,0,,0,1,0,0,2
137,Chris Chiozza,PG,23,HOU,7,33,0.25,2,0.4,0,,4,4,1,1,6
138,Marquese Chriss,PF,21,TOT,43,499,0.372,16,0.222,45,0.711,142,22,17,11,182
139,Marquese Chriss,PF,21,HOU,16,104,0.324,1,0.067,7,0.857,28,6,2,4,29
140,Marquese Chriss,PF,21,CLE,27,395,0.384,15,0.263,38,0.684,114,16,15,7,153
141,Gary Clark,PF,24,HOU,51,641,0.331,41,0.297,7,1,116,18,20,26,148
142,Ian Clark,SG,27,NOP,60,973,0.394,66,0.327,37,0.892,89,94,22,8,401
143,Jordan Clarkson,SG,26,CLE,81,2214,0.448,144,0.324,192,0.844,270,196,57,13,1364
144,John Collins,PF,21,ATL,61,1829,0.56,55,0.348,266,0.763,595,121,22,39,1188
145,Zach Collins,C,21,POR,77,1356,0.473,40,0.331,126,0.746,324,71,25,66,512
146,Darren Collison,PG,31,IND,76,2143,0.467,79,0.407,190,0.832,232,459,110,9,853
147,Bonzie Colson,SF,23,MIL,8,98,0.333,5,0.238,9,0.889,30,3,5,1,39
148,Mike Conley,PG,31,MEM,70,2342,0.438,155,0.364,406,0.845,239,449,94,22,1478
149,Pat Connaughton,SG,26,MIL,61,1261,0.466,66,0.33,40,0.725,258,122,33,25,421
150,Quinn Cook,PG,25,GSW,74,1059,0.465,81,0.405,26,0.769,157,116,20,3,509
151,DeMarcus Cousins,C,28,GSW,30,771,0.48,26,0.274,144,0.736,247,107,40,44,488
152,Robert Covington,SF,28,TOT,35,1203,0.431,85,0.378,89,0.764,193,46,74,47,465
153,Robert Covington,SF,28,PHI,13,440,0.427,30,0.39,23,0.739,67,14,24,23,147
154,Robert Covington,SF,28,MIN,22,763,0.433,55,0.372,66,0.773,126,32,50,24,318
155,Allen Crabbe,SG,26,BRK,43,1133,0.367,98,0.378,56,0.732,148,46,23,13,413
156,Torrey Craig,SF,28,DEN,75,1503,0.442,61,0.324,70,0.7,263,72,37,46,430
157,Jamal Crawford,SG,38,PHO,64,1211,0.397,67,0.332,110,0.845,85,229,33,12,508
158,Mitch Creek,SF,26,TOT,5,48,0.5,0,0,7,0.714,12,6,2,0,21
159,Mitch Creek,SF,26,BRK,4,36,0.5,0,0,7,0.714,10,5,1,0,15
160,Mitch Creek,SF,26,MIN,1,12,0.5,0,0,0,,2,1,1,0,6
161,,,,,,,,,,,,,,,,
162,Jae Crowder,SF,28,UTA,80,2166,0.399,173,0.331,197,0.721,384,133,64,31,951
163,Dante Cunningham,PF,31,SAS,64,928,0.475,30,0.462,18,0.778,188,50,27,13,194
164,Seth Curry,SG,28,POR,74,1399,0.456,113,0.45,52,0.846,120,66,36,12,581
165,Stephen Curry,PG,30,GSW,69,2331,0.472,354,0.437,287,0.916,369,361,92,25,1881
166,Troy Daniels,SG,27,PHO,51,760,0.411,74,0.381,23,0.783,73,26,26,5,318
167,Anthony Davis,C,25,NOP,56,1850,0.517,48,0.331,433,0.794,672,218,88,135,1452
168,Deyonta Davis,C,22,ATL,9,118,0.682,0,0,10,0.6,36,5,3,5,36
169,Ed Davis,C,29,BRK,81,1446,0.616,0,0,162,0.617,694,61,35,33,472
170,Tyler Davis,C,21,OKC,1,1,0,0,,0,,1,0,0,0,0
171,Dewayne Dedmon,C,29,ATL,64,1609,0.492,83,0.382,113,0.814,480,90,69,71,693
172,Sam Dekker,PF,24,TOT,47,788,0.469,19,0.306,46,0.609,148,46,38,7,287
173,Sam Dekker,PF,24,CLE,9,169,0.458,5,0.385,10,0.8,33,9,11,0,57
174,Sam Dekker,PF,24,WAS,38,619,0.471,14,0.286,36,0.556,115,37,27,7,230
175,Ángel Delgado,C,24,LAC,2,15,0.2,0,,2,0.5,4,0,1,0,3
176,Matthew Dellavedova,PG,28,TOT,48,812,0.405,44,0.338,52,0.808,77,181,14,2,282
177,Matthew Dellavedova,PG,28,MIL,12,97,0.316,4,0.364,4,1,10,29,2,0,20
178,Matthew Dellavedova,PG,28,CLE,36,715,0.413,40,0.336,48,0.792,67,152,12,2,262
179,Luol Deng,SF,33,MIN,22,392,0.5,14,0.318,35,0.714,73,18,15,8,157
180,DeMar DeRozan,SG,29,SAS,77,2688,0.481,7,0.156,441,0.83,462,475,86,36,1635
181,Marcus Derrickson,PF,22,GSW,11,67,0.485,10,0.5,5,0.8,13,1,0,1,46
182,Cheick Diallo,PF,22,NOP,64,896,0.62,1,0.25,67,0.746,332,33,29,33,387
183,Hamidou Diallo,SG,20,OKC,51,526,0.455,4,0.167,59,0.61,97,17,21,10,190
184,Gorgui Dieng,C,29,MIN,76,1031,0.501,19,0.339,106,0.83,311,72,48,41,485
185,Spencer Dinwiddie,PG,25,BRK,68,1914,0.442,124,0.335,356,0.806,166,311,40,17,1143
186,,,,,,,,,,,,,,,,
187,Donte DiVincenzo,SG,22,MIL,27,411,0.403,22,0.265,12,0.75,65,31,13,6,131
188,Luka Dončić,SG,19,DAL,72,2318,0.427,168,0.327,485,0.713,563,429,77,25,1526
189,Tyler Dorsey,SG,22,TOT,48,698,0.405,44,0.333,61,0.623,113,56,14,2,296
190,Tyler Dorsey,SG,22,ATL,27,251,0.36,10,0.256,26,0.615,43,17,7,1,90
191,Tyler Dorsey,SG,22,MEM,21,447,0.429,34,0.366,35,0.629,70,39,7,1,206
192,Damyean Dotson,SG,24,NYK,73,2004,0.415,126,0.368,98,0.745,262,135,58,10,779
193,PJ Dozier,SG,22,BOS,6,51,0.381,2,0.25,2,0.5,17,5,2,0,19
194,Goran Dragić,PG,32,MIA,36,991,0.413,57,0.348,101,0.782,111,174,30,5,494
195,Andre Drummond,C,25,DET,79,2647,0.533,5,0.132,412,0.59,1232,112,136,138,1370
196,Jared Dudley,PF,33,BRK,59,1220,0.423,53,0.351,46,0.696,155,83,36,16,287
197,Kris Dunn,PG,24,CHI,46,1389,0.425,34,0.354,69,0.797,187,277,68,21,519
198,Kevin Durant,SF,30,GSW,78,2702,0.521,137,0.353,506,0.885,497,457,58,84,2027
199,Trevon Duval,PG,20,MIL,3,6,0.667,1,1,0,,1,2,0,0,5
200,Vince Edwards,SF,22,HOU,2,16,0.25,1,0.25,0,,2,0,0,0,3
201,Henry Ellenson,PF,22,TOT,19,259,0.411,17,0.447,25,0.76,66,16,7,2,114
202,Henry Ellenson,PF,22,DET,2,25,0.4,2,0.5,2,1,9,1,0,0,12
203,Henry Ellenson,PF,22,NYK,17,234,0.412,15,0.441,23,0.739,57,15,7,2,102
204,Wayne Ellington,SG,31,TOT,53,1297,0.403,138,0.371,49,0.796,107,72,54,6,545
205,Wayne Ellington,SG,31,MIA,25,533,0.375,57,0.368,16,0.875,47,29,24,3,209
206,Wayne Ellington,SG,31,DET,28,764,0.421,81,0.373,33,0.758,60,43,30,3,336
207,Joel Embiid,C,24,PHI,64,2154,0.484,79,0.3,649,0.804,871,234,46,122,1761
208,James Ennis,SF,28,TOT,58,1230,0.469,55,0.353,81,0.716,182,41,41,23,389
209,James Ennis,SF,28,HOU,40,949,0.493,44,0.367,58,0.724,117,27,38,16,294
210,James Ennis,SF,28,PHI,18,281,0.41,11,0.306,23,0.696,65,14,3,7,95
211,Drew Eubanks,PF,21,SAS,23,113,0.577,0,,13,0.846,34,7,2,5,41
212,Jacob Evans,SG,21,GSW,30,204,0.34,4,0.267,1,0,25,23,5,3,40
213,Jawun Evans,PG,22,TOT,8,65,0.214,0,0,0,,12,10,3,0,6
214,Jawun Evans,PG,22,PHO,7,64,0.231,0,0,0,,12,10,3,0,6
215,Jawun Evans,PG,22,OKC,1,1,0,0,0,0,,0,0,0,0,0
216,Tyreke Evans,SG,29,IND,69,1402,0.389,77,0.356,160,0.719,201,166,58,18,706
217,,,,,,,,,,,,,,,,
218,Dante Exum,PG,23,UTA,42,664,0.419,18,0.29,86,0.791,68,110,14,5,288
219,Kenneth Faried,C,29,TOT,37,728,0.589,8,0.32,99,0.646,250,20,17,23,384
220,Kenneth Faried,C,29,BRK,12,118,0.595,1,0.2,16,0.625,44,2,2,4,61
221,Kenneth Faried,C,29,HOU,25,610,0.587,7,0.35,83,0.651,206,18,15,19,323
222,Derrick Favors,C,27,UTA,76,1766,0.586,17,0.218,228,0.675,560,89,56,106,897
223,Cristiano Felício,C,26,CHI,60,746,0.531,0,0,73,0.685,218,37,11,7,240
224,Raymond Felton,PG,34,OKC,33,379,0.407,20,0.328,13,0.923,34,52,10,6,142
225,Terrance Ferguson,SG,20,OKC,74,1931,0.429,106,0.366,51,0.725,141,72,40,16,513
226,Yogi Ferrell,PG,25,SAC,71,1067,0.435,54,0.362,67,0.896,109,137,36,4,420
227,Dorian Finney-Smith,SF,25,DAL,81,1985,0.432,79,0.311,103,0.709,389,95,69,36,608
228,Bryn Forbes,SG,25,SAS,82,2293,0.456,176,0.426,78,0.885,239,175,45,4,967
229,Evan Fournier,SG,26,ORL,81,2553,0.438,153,0.34,170,0.806,258,295,71,12,1226
230,De'Aaron Fox,PG,21,SAC,81,2546,0.458,86,0.371,417,0.727,304,590,133,45,1399
231,Melvin Frazier,SG,22,ORL,10,44,0.333,0,0,4,0.25,5,1,1,0,15
232,Tim Frazier,PG,28,TOT,59,1120,0.444,37,0.366,54,0.759,168,248,30,5,310
233,Tim Frazier,PG,28,NOP,47,909,0.451,27,0.351,41,0.78,137,206,25,4,235
234,Tim Frazier,PG,28,MIL,12,211,0.424,10,0.417,13,0.692,31,42,5,1,75
235,Jimmer Fredette,SG,29,PHO,6,65,0.276,0,0,6,1,7,8,3,0,22
236,Channing Frye,C,35,CLE,36,341,0.368,32,0.405,14,0.786,52,20,6,5,129
237,Markelle Fultz,SG,20,PHI,19,427,0.419,4,0.286,37,0.568,70,59,17,5,155
238,Danilo Gallinari,SF,30,LAC,68,2059,0.463,161,0.433,406,0.904,417,178,49,23,1346
239,Langston Galloway,SG,27,DET,80,1745,0.388,135,0.355,96,0.844,171,85,37,8,672
240,Billy Garrett,SG,24,NYK,4,63,0.407,0,0,4,1,3,7,1,1,26
241,Marc Gasol,C,34,TOT,79,2436,0.448,99,0.363,253,0.759,627,349,84,86,1071
242,Marc Gasol,C,34,MEM,53,1788,0.444,76,0.344,201,0.756,455,248,60,63,834
243,Marc Gasol,C,34,TOR,26,648,0.465,23,0.442,52,0.769,172,101,24,23,237
244,,,,,,,,,,,,,,,,
245,Pau Gasol,C,38,TOT,30,360,0.447,6,0.462,40,0.7,137,52,5,15,118
246,Pau Gasol,C,38,SAS,27,330,0.466,5,0.5,38,0.711,127,50,5,14,114
247,Pau Gasol,C,38,MIL,3,30,0.167,1,0.333,2,0.5,10,2,0,1,4
248,Rudy Gay,PF,32,SAS,69,1842,0.504,74,0.402,147,0.816,470,182,54,34,946
249,Paul George,SF,28,OKC,77,2841,0.438,292,0.386,540,0.839,628,318,170,34,2159
250,Taj Gibson,PF,33,MIN,70,1686,0.566,11,0.324,177,0.757,458,84,53,39,753
251,Harry Giles,PF,20,SAC,58,820,0.503,0,0,91,0.637,222,85,31,22,408
252,Shai Gilgeous-Alexander,PG,20,LAC,82,2174,0.476,51,0.367,195,0.8,232,270,96,45,889
253,Rudy Gobert,C,26,UTA,81,2577,0.669,0,,522,0.636,1041,161,66,187,1284
254,Brandon Goodwin,PG,23,DEN,16,57,0.261,2,0.333,11,0.818,3,14,0,0,23
255,Aaron Gordon,PF,23,ORL,78,2633,0.449,121,0.349,253,0.731,574,289,57,56,1246
256,Eric Gordon,SG,30,HOU,68,2158,0.409,216,0.36,152,0.783,148,129,41,27,1103
257,Marcin Gortat,C,34,LAC,47,751,0.532,0,,48,0.729,261,65,6,24,233
258,Devonte' Graham,PG,23,CHO,46,676,0.343,34,0.281,46,0.761,63,121,23,2,217
259,Treveon Graham,SG,25,BRK,35,715,0.335,38,0.297,22,0.818,107,34,13,7,184
260,Jerami Grant,PF,24,OKC,80,2612,0.497,115,0.392,221,0.71,417,79,61,100,1090
261,Jerian Grant,PG,26,ORL,60,939,0.418,40,0.364,40,0.65,98,156,44,6,250
262,Donte Grantham,SF,23,OKC,3,2,0,0,0,0,,0,0,0,0,0
263,Danny Green,SG,31,TOR,80,2216,0.465,198,0.455,44,0.841,317,126,73,53,821
264,Draymond Green,PF,28,GSW,66,2065,0.445,47,0.285,91,0.692,481,454,95,70,486
265,Gerald Green,SG,33,HOU,73,1473,0.4,156,0.354,68,0.838,182,40,33,27,675
266,JaMychal Green,PF,28,TOT,65,1371,0.483,71,0.403,101,0.792,409,50,45,34,611
267,JaMychal Green,PF,28,MEM,41,900,0.484,38,0.396,80,0.788,252,36,33,26,403
268,JaMychal Green,PF,28,LAC,24,471,0.482,33,0.413,21,0.81,157,14,12,8,208
269,,,,,,,,,,,,,,,,
270,Jeff Green,PF,32,WAS,77,2097,0.475,111,0.347,206,0.888,309,137,43,39,946
271,Blake Griffin,PF,29,DET,75,2622,0.462,189,0.362,550,0.753,565,402,52,28,1841
272,Daniel Hamilton,SG,23,ATL,19,204,0.383,8,0.348,6,0.5,47,22,6,1,57
273,Dusty Hannahs,SG,25,MEM,2,26,0.25,0,0,2,1,1,5,1,0,8
274,Tim Hardaway,SG,26,TOT,65,2057,0.393,162,0.34,276,0.841,222,159,54,8,1174
275,Tim Hardaway,SG,26,NYK,46,1499,0.388,117,0.347,233,0.854,161,122,42,6,880
276,Tim Hardaway,SG,26,DAL,19,558,0.404,45,0.321,43,0.767,61,37,12,2,294
277,James Harden,PG,29,HOU,78,2867,0.442,378,0.368,858,0.879,518,586,158,58,2818
278,Maurice Harkless,SF,25,POR,60,1415,0.487,33,0.275,73,0.671,269,74,67,53,460
279,Montrezl Harrell,C,25,LAC,82,2158,0.615,3,0.176,414,0.643,535,162,71,110,1361
280,Devin Harris,PG,35,DAL,68,1071,0.38,62,0.31,134,0.761,112,122,35,16,428
281,Gary Harris,SG,24,DEN,57,1639,0.424,82,0.339,144,0.799,160,127,55,19,737
282,Joe Harris,SG,27,BRK,76,2293,0.5,183,0.474,133,0.827,291,181,38,17,1041
283,Tobias Harris,PF,26,TOT,82,2847,0.487,156,0.397,307,0.866,645,229,51,37,1644
284,Tobias Harris,PF,26,LAC,55,1903,0.496,112,0.434,219,0.877,432,150,40,24,1152
285,Tobias Harris,PF,26,PHI,27,944,0.469,44,0.326,88,0.841,213,79,11,13,492
286,Andrew Harrison,PG,24,TOT,17,187,0.302,5,0.2,18,0.944,20,24,4,2,54
287,Andrew Harrison,PG,24,MEM,1,5,0.5,0,0,0,,0,0,0,0,2
288,Andrew Harrison,PG,24,CLE,10,144,0.308,3,0.214,16,1,15,17,4,2,43
289,Andrew Harrison,PG,24,NOP,6,38,0.25,2,0.2,2,0.5,5,7,0,0,9
290,Shaquille Harrison,PG,25,CHI,73,1430,0.432,24,0.27,123,0.667,222,139,89,30,474
291,Josh Hart,SG,23,LAL,67,1715,0.407,92,0.336,80,0.688,248,93,64,40,525
292,Isaiah Hartenstein,PF,20,HOU,28,221,0.488,2,0.333,14,0.786,47,15,7,12,53
293,Udonis Haslem,C,38,MIA,10,74,0.333,0,0,4,0.75,27,2,0,0,25
294,Gordon Hayward,PF,28,BOS,72,1863,0.466,77,0.333,187,0.834,322,244,62,23,825
295,John Henson,C,28,MIL,14,188,0.463,11,0.355,10,0.6,71,14,7,11,79
296,Juan Hernangómez,PF,23,DEN,70,1358,0.439,66,0.365,86,0.767,265,55,27,24,408
297,,,,,,,,,,,,,,,,
298,Willy Hernangómez,C,24,CHO,58,812,0.519,15,0.385,144,0.694,311,60,16,20,421
299,Mario Hezonja,SF,23,NYK,58,1206,0.412,42,0.276,114,0.763,239,88,57,8,511
300,Isaiah Hicks,PF,24,NYK,3,32,0.5,0,,5,0.8,7,2,1,3,12
301,Buddy Hield,SG,26,SAC,82,2615,0.458,278,0.427,193,0.886,412,205,58,33,1695
302,Haywood Highsmith,SF,22,PHI,5,40,0.4,1,0.2,2,0,5,2,1,0,9
303,Nenê Hilário,C,36,HOU,42,546,0.517,0,0,47,0.66,123,26,18,15,151
304,George Hill,PG,32,TOT,60,1302,0.452,48,0.314,85,0.824,148,135,52,8,458
305,George Hill,PG,32,CLE,13,344,0.514,13,0.464,20,0.85,27,36,12,1,140
306,George Hill,PG,32,MIL,47,958,0.428,35,0.28,65,0.815,121,99,40,7,318
307,Solomon Hill,SF,27,NOP,44,878,0.382,32,0.317,32,0.719,133,55,23,10,191
308,Aaron Holiday,PG,22,IND,50,646,0.401,43,0.339,50,0.82,67,87,21,13,294
309,Jrue Holiday,SG,28,NOP,67,2402,0.472,118,0.325,271,0.768,334,518,109,54,1420
310,Justin Holiday,SG,29,TOT,82,2607,0.386,162,0.348,106,0.896,323,146,121,36,857
311,Justin Holiday,SG,29,CHI,38,1325,0.383,97,0.359,46,0.891,169,85,67,21,440
312,Justin Holiday,SG,29,MEM,44,1282,0.389,65,0.333,60,0.9,154,61,54,15,417
313,John Holland,SF,30,CLE,1,1,,0,,0,,0,0,0,0,0
314,Rondae Hollis-Jefferson,SF,24,BRK,59,1234,0.411,9,0.184,183,0.645,310,96,44,27,527
315,Richaun Holmes,C,25,PHO,70,1184,0.608,0,,175,0.731,331,60,42,79,572
316,Rodney Hood,SG,26,TOT,72,1893,0.435,84,0.356,155,0.884,157,126,59,12,805
317,Rodney Hood,SG,26,CLE,45,1234,0.427,55,0.362,114,0.912,112,92,38,5,547
318,Rodney Hood,SG,26,POR,27,659,0.452,29,0.345,41,0.805,45,34,21,7,258
319,Al Horford,C,32,BOS,68,1973,0.535,73,0.36,95,0.821,458,283,59,86,925
320,Danuel House,SF,25,HOU,39,979,0.468,74,0.416,71,0.789,140,40,21,11,366
321,Dwight Howard,C,33,WAS,9,230,0.623,0,,48,0.604,83,4,7,4,115
322,Kevin Huerter,SG,20,ATL,75,2048,0.419,136,0.385,56,0.732,245,214,65,25,727
323,Isaac Humphries,C,21,ATL,5,56,0.286,3,0.273,0,,11,0,1,0,15
324,,,,,,,,,,,,,,,,
325,R.J. Hunter,SG,25,BOS,1,26,0.462,4,0.4,2,0.5,3,3,1,0,17
326,Chandler Hutchison,SF,22,CHI,44,895,0.459,14,0.28,38,0.605,185,34,23,6,229
327,Serge Ibaka,C,29,TOR,74,2010,0.529,49,0.29,177,0.763,601,99,29,103,1112
328,Andre Iguodala,SF,35,GSW,68,1578,0.5,48,0.333,67,0.582,252,216,61,51,389
329,Ersan İlyasova,PF,31,MIL,67,1231,0.438,58,0.363,74,0.824,302,52,32,20,453
330,Joe Ingles,PF,31,UTA,82,2568,0.448,189,0.391,123,0.707,330,469,98,20,994
331,Andre Ingram,SG,33,LAL,4,15,0,0,0,0,,2,0,1,0,0
332,Brandon Ingram,SF,21,LAL,52,1760,0.497,31,0.33,289,0.675,267,154,28,31,950
333,Kyrie Irving,PG,26,BOS,67,2214,0.487,174,0.401,245,0.873,335,464,103,34,1596
334,Jonathan Isaac,PF,21,ORL,75,1996,0.429,86,0.323,135,0.815,411,80,59,98,720
335,Wesley Iwundu,SF,24,ORL,68,1233,0.412,29,0.367,103,0.816,184,73,28,22,339
336,Demetrius Jackson,PG,24,PHI,6,39,0.533,2,0.333,4,1,3,5,2,0,22
337,Frank Jackson,PG,20,NOP,61,1169,0.434,53,0.314,73,0.74,134,69,25,2,495
338,Jaren Jackson,PF,19,MEM,58,1515,0.506,51,0.359,197,0.766,272,64,52,82,798
339,Josh Jackson,SG,21,PHO,79,1988,0.413,73,0.324,213,0.671,347,183,74,56,910
340,Justin Jackson,SF,23,TOT,81,1614,0.447,87,0.355,79,0.785,212,96,32,14,583
341,Justin Jackson,SF,23,SAC,52,1083,0.424,55,0.346,50,0.82,146,68,23,13,346
342,Justin Jackson,SF,23,DAL,29,531,0.484,32,0.372,29,0.724,66,28,9,1,237
343,Reggie Jackson,PG,28,DET,82,2289,0.421,174,0.369,236,0.864,216,344,55,9,1260
344,LeBron James,SF,34,LAL,55,1937,0.51,111,0.339,418,0.665,465,454,72,33,1505
345,Amile Jefferson,PF,25,ORL,12,68,0.625,0,,8,0.875,21,3,3,3,27
346,John Jenkins,SG,27,TOT,26,333,0.4,22,0.379,18,0.833,37,22,0,2,121
347,John Jenkins,SG,27,WAS,4,14,1,2,1,0,,1,1,0,0,6
348,John Jenkins,SG,27,NYK,22,319,0.388,20,0.357,18,0.833,36,21,0,2,115
349,,,,,,,,,,,,,,,,
350,Jonas Jerebko,PF,31,GSW,73,1218,0.459,69,0.367,80,0.8,288,96,27,18,459
351,Alize Johnson,PF,22,IND,14,64,0.25,1,0.5,8,0.5,19,1,1,3,13
352,Amir Johnson,C,31,PHI,51,529,0.503,12,0.3,41,0.756,147,60,16,13,201
353,B.J. Johnson,SF,23,TOT,7,49,0.5,3,0.429,2,1,8,0,2,0,23
354,B.J. Johnson,SF,23,ATL,6,43,0.5,3,0.5,2,1,8,0,2,0,21
355,B.J. Johnson,SF,23,SAC,1,6,0.5,0,0,0,,0,0,0,0,2
356,James Johnson,PF,31,MIA,55,1164,0.433,50,0.336,70,0.714,176,135,35,27,428
357,Stanley Johnson,SF,22,TOT,66,1208,0.389,62,0.288,64,0.781,217,88,60,14,454
358,Stanley Johnson,SF,22,DET,48,961,0.381,51,0.282,51,0.804,175,60,48,13,358
359,Stanley Johnson,SF,22,NOP,18,247,0.418,11,0.324,13,0.692,42,28,12,1,96
360,Tyler Johnson,PG,26,TOT,57,1529,0.413,90,0.346,127,0.748,173,166,54,27,619
361,Tyler Johnson,PG,26,MIA,44,1123,0.426,72,0.353,88,0.693,121,112,40,21,475
362,Tyler Johnson,PG,26,PHO,13,406,0.368,18,0.321,39,0.872,52,54,14,6,144
363,Wesley Johnson,SF,31,TOT,38,534,0.352,25,0.329,19,0.684,72,23,14,12,128
364,Wesley Johnson,SF,31,NOP,26,377,0.398,19,0.38,9,0.667,54,16,12,7,95
365,Wesley Johnson,SF,31,WAS,12,157,0.25,6,0.231,10,0.7,18,7,2,5,33
366,Nikola Jokić,C,23,DEN,80,2504,0.511,83,0.307,352,0.821,865,580,108,55,1604
367,Damian Jones,C,23,GSW,24,410,0.716,0,,37,0.649,75,28,12,25,130
368,Derrick Jones,SF,21,MIA,60,1153,0.494,28,0.308,122,0.607,240,37,46,42,422
369,Jalen Jones,SF,25,CLE,16,214,0.419,10,0.357,27,0.704,34,7,9,2,81
370,Jemerrio Jones,SF,23,LAL,6,143,0.364,2,0.2,2,0.5,49,13,7,5,27
371,Terrence Jones,PF,27,HOU,2,5,0.25,0,0,1,0,4,0,0,0,2
372,Tyus Jones,PG,22,MIN,68,1560,0.415,40,0.317,69,0.841,134,327,81,5,468
373,DeAndre Jordan,C,30,TOT,69,2047,0.641,0,,264,0.705,902,156,42,73,758
374,DeAndre Jordan,C,30,DAL,50,1554,0.644,0,,198,0.682,686,99,33,53,551
375,DeAndre Jordan,C,30,NYK,19,493,0.634,0,,66,0.773,216,57,9,20,207
376,Cory Joseph,PG,27,IND,82,2063,0.412,55,0.322,43,0.698,279,321,94,22,537
377,Frank Kaminsky,C,25,CHO,47,755,0.463,50,0.36,107,0.738,163,63,12,12,405
378,Enes Kanter,C,26,TOT,67,1640,0.549,10,0.294,197,0.787,659,116,32,26,915
379,Enes Kanter,C,26,NYK,44,1128,0.536,7,0.318,129,0.814,461,84,18,17,614
380,Enes Kanter,C,26,POR,23,512,0.577,3,0.25,68,0.735,198,32,14,9,301
381,Luke Kennard,SG,22,DET,63,1437,0.438,106,0.394,61,0.836,183,114,26,10,613
382,,,,,,,,,,,,,,,,
383,Michael Kidd-Gilchrist,PF,25,CHO,64,1179,0.476,16,0.34,123,0.772,246,61,32,39,427
384,George King,SF,25,PHO,1,6,,0,,0,,1,0,0,0,0
385,Maxi Kleber,PF,27,DAL,71,1502,0.453,77,0.353,74,0.784,329,70,36,78,485
386,Brandon Knight,PG,27,TOT,39,736,0.381,41,0.318,34,0.794,59,71,21,2,266
387,Brandon Knight,PG,27,HOU,12,118,0.234,5,0.156,11,0.818,9,9,2,0,36
388,Brandon Knight,PG,27,CLE,27,618,0.413,36,0.371,23,0.783,50,62,19,2,230
389,Kevin Knox,PF,19,NYK,75,2158,0.37,125,0.343,226,0.717,335,82,43,24,963
390,Furkan Korkmaz,SG,21,PHI,48,679,0.4,47,0.326,44,0.818,107,52,29,2,279
391,Luke Kornet,PF,23,NYK,46,784,0.378,70,0.363,46,0.826,135,54,27,42,322
392,Kyle Korver,SG-PF,37,TOT,70,1334,0.416,138,0.397,73,0.822,162,81,25,12,600
393,Kyle Korver,PF,37,CLE,16,251,0.461,25,0.463,16,0.813,29,17,3,2,108
394,Kyle Korver,SG,37,UTA,54,1083,0.408,113,0.384,57,0.825,133,64,22,10,492
395,Kosta Koufos,C,29,SAC,42,502,0.477,0,,24,0.417,177,36,15,18,156
396,Rodions Kurucs,SF,20,BRK,63,1294,0.45,58,0.315,92,0.783,246,52,41,25,534
397,Kyle Kuzma,PF,23,LAL,70,2314,0.456,128,0.303,250,0.752,382,178,41,26,1308
398,Skal Labissière,PF,22,TOT,22,176,0.531,6,0.462,17,0.529,43,11,5,6,67
399,Skal Labissière,PF,22,SAC,13,113,0.433,4,0.364,11,0.545,24,6,2,3,36
400,Skal Labissière,PF,22,POR,9,63,0.684,2,1,6,0.5,19,5,3,3,31
401,Jeremy Lamb,SG,26,CHO,79,2250,0.44,115,0.348,260,0.888,434,172,88,32,1208
402,Zach LaVine,SG,23,CHI,63,2171,0.467,120,0.374,375,0.832,294,283,60,26,1492
403,Jake Layman,SF,24,POR,71,1327,0.509,59,0.326,71,0.704,217,53,31,30,541
404,T.J. Leaf,PF,21,IND,58,522,0.541,8,0.258,31,0.613,125,24,9,19,225
405,Courtney Lee,SG,33,TOT,34,428,0.411,16,0.291,21,0.667,54,37,21,3,136
406,Courtney Lee,SG,33,NYK,12,160,0.447,5,0.313,14,0.643,27,16,8,2,56
407,Courtney Lee,SG,33,DAL,22,268,0.39,11,0.282,7,0.714,27,21,13,1,80
408,Damion Lee,SG,26,GSW,32,375,0.441,27,0.397,22,0.864,64,13,13,0,158
409,Walt Lemon,PG,26,CHI,6,167,0.437,2,0.4,11,0.727,27,30,11,1,86
410,Alex Len,C,25,ATL,77,1544,0.494,74,0.363,216,0.648,424,86,27,69,854
411,,,,,,,,,,,,,,,,
412,Kawhi Leonard,SF,27,TOR,60,2040,0.496,112,0.371,426,0.854,439,199,106,24,1596
413,Meyers Leonard,C,26,POR,61,878,0.545,50,0.45,51,0.843,233,75,13,9,357
414,Jon Leuer,PF,29,DET,41,402,0.584,1,0.091,31,0.742,97,14,12,4,156
415,Caris LeVert,SF,24,BRK,40,1063,0.429,48,0.312,123,0.691,151,156,42,14,547
416,Damian Lillard,PG,28,POR,80,2838,0.444,237,0.369,513,0.912,371,551,88,34,2067
417,Jeremy Lin,PG,30,TOT,74,1436,0.44,55,0.294,210,0.838,179,231,47,13,707
418,Jeremy Lin,PG,30,ATL,51,1003,0.466,44,0.333,168,0.845,119,181,38,7,546
419,Jeremy Lin,PG,30,TOR,23,433,0.374,11,0.2,42,0.81,60,50,9,6,161
420,Shaun Livingston,PG,33,GSW,64,967,0.519,0,0,51,0.784,117,114,31,27,258
421,Zach Lofton,SG,26,DET,1,4,0,0,0,0,,0,0,1,0,0
422,Kevon Looney,C,22,GSW,80,1481,0.625,1,0.1,105,0.619,417,123,46,53,500
423,Brook Lopez,C,30,MIL,81,2322,0.452,187,0.365,133,0.842,396,98,51,179,1009
424,Robin Lopez,C,30,CHI,74,1606,0.568,7,0.226,123,0.724,286,89,11,78,704
425,Kevin Love,PF,30,CLE,22,598,0.385,53,0.361,114,0.904,239,48,6,5,374
426,Kyle Lowry,PG,32,TOR,65,2213,0.411,157,0.347,194,0.83,312,564,91,31,926
427,Jordan Loyd,PG,25,TOR,12,55,0.444,4,0.5,11,0.818,9,6,0,0,29
428,Kalin Lucas,PG,29,DET,1,6,0,0,0,2,1,3,1,0,0,2
429,Timothé Luwawu-Cabarrot,SF,23,TOT,50,669,0.376,36,0.31,41,0.756,97,26,19,8,231
430,Timothé Luwawu-Cabarrot,SF,23,OKC,21,123,0.302,5,0.227,6,0.667,18,4,4,1,35
431,Timothé Luwawu-Cabarrot,SF,23,CHI,29,546,0.394,31,0.33,35,0.771,79,22,15,7,196
432,Tyler Lydon,PF,22,DEN,25,94,0.5,4,0.4,3,0.333,18,6,2,0,23
433,Trey Lyles,PF,23,DEN,64,1120,0.418,51,0.255,116,0.698,246,87,30,23,546
434,Scott Machado,PG,28,LAL,4,19,0.667,1,1,1,1,0,3,1,0,10
435,Shelvin Mack,PG,28,TOT,57,1246,0.404,46,0.354,84,0.69,104,183,47,4,430
436,Shelvin Mack,PG,28,MEM,53,1204,0.414,46,0.359,75,0.707,102,182,45,4,421
437,Shelvin Mack,PG,28,CHO,4,42,0.143,0,0,9,0.556,2,1,2,0,9
438,,,,,,,,,,,,,,,,
439,Daryl Macon,SG,23,DAL,8,90,0.37,5,0.455,7,0.571,12,7,1,0,29
440,J.P. Macura,SG,23,CHO,2,17,0.333,0,0,0,,3,2,0,0,6
441,Ian Mahinmi,C,32,WAS,34,498,0.452,3,0.188,61,0.689,128,25,25,16,139
442,Thon Maker,C-PF,21,TOT,64,972,0.407,49,0.32,84,0.667,202,45,21,51,323
443,Thon Maker,C,21,MIL,35,409,0.44,26,0.333,37,0.541,96,18,10,18,164
444,Thon Maker,PF,21,DET,29,563,0.373,23,0.307,47,0.766,106,27,11,33,159
445,Boban Marjanović,C,30,TOT,58,681,0.615,4,0.4,131,0.748,265,54,16,27,422
446,Boban Marjanović,C,30,LAC,36,376,0.607,0,0,95,0.758,152,22,11,17,242
447,Boban Marjanović,C,30,PHI,22,305,0.625,4,0.5,36,0.722,113,32,5,10,180
448,Lauri Markkanen,PF,21,CHI,52,1682,0.43,120,0.361,195,0.872,470,75,37,33,974
449,Jarell Martin,PF,24,ORL,42,328,0.413,20,0.351,11,0.818,73,18,3,8,115
450,Frank Mason,PG,24,SAC,38,435,0.42,14,0.219,57,0.684,43,84,16,4,195
451,Yante Maten,PF,22,MIA,2,13,0.25,0,0,0,,3,0,1,0,2
452,Wesley Matthews,SF-SG,32,TOT,69,2091,0.4,150,0.372,163,0.81,170,160,54,17,840
453,Wesley Matthews,SF,32,DAL,44,1312,0.414,100,0.38,110,0.791,102,100,33,12,575
454,Wesley Matthews,SG,32,NYK,2,54,0.211,2,0.2,5,0.8,3,5,1,1,14
455,Wesley Matthews,SG,32,IND,23,725,0.386,48,0.369,48,0.854,65,55,20,4,251
456,Luc Mbah a Moute,PF,32,LAC,4,61,0.444,2,0.333,5,0.4,7,2,1,1,20
457,Tahjere McCall,SG,24,BRK,1,8,0.667,0,0,1,0,1,0,0,0,4
458,Patrick McCaw,SG,23,TOT,29,397,0.413,9,0.321,15,0.867,48,29,23,2,74
459,Patrick McCaw,SG,23,CLE,3,53,0.222,1,0.25,0,,3,2,2,0,5
460,Patrick McCaw,SG,23,TOR,26,344,0.444,8,0.333,15,0.867,45,27,21,2,69
461,CJ McCollum,SG,27,POR,70,2375,0.459,167,0.375,192,0.828,282,207,55,28,1468
462,T.J. McConnell,PG,26,PHI,76,1470,0.525,14,0.333,37,0.784,174,258,79,17,483
463,Doug McDermott,SF,27,IND,77,1340,0.491,84,0.408,79,0.835,109,67,18,8,564
464,JaVale McGee,C,31,LAL,75,1671,0.624,1,0.083,152,0.632,566,52,47,148,897
465,Rodney McGruder,SG,27,MIA,66,1550,0.403,79,0.351,72,0.722,238,112,36,12,503
466,Alfonzo McKinnie,SF,26,GSW,72,1003,0.487,42,0.356,48,0.563,247,31,18,15,337
467,Ben McLemore,SG,25,SAC,19,158,0.391,17,0.415,12,0.667,17,4,6,3,75
468,,,,,,,,,,,,,,,,
469,Jordan McRae,SG,27,WAS,27,333,0.469,10,0.286,35,0.8,40,30,13,7,160
470,Jodie Meeks,SG,31,TOR,8,104,0.538,8,0.444,1,1,12,8,1,1,51
471,Salah Mejri,C,32,DAL,36,399,0.491,11,0.324,32,0.625,131,35,10,26,141
472,De'Anthony Melton,PG,20,PHO,50,984,0.391,29,0.305,28,0.75,134,159,68,23,250
473,Chimezie Metu,PF,21,SAS,29,145,0.328,0,0,17,0.765,36,13,6,2,51
474,Khris Middleton,SF,27,MIL,77,2393,0.441,179,0.378,258,0.837,461,331,80,7,1407
475,C.J. Miles,SF,31,TOT,53,856,0.36,67,0.33,58,0.828,95,36,26,15,339
476,C.J. Miles,SF,31,TOR,40,562,0.34,43,0.314,44,0.795,68,22,18,10,218
477,C.J. Miles,SF,31,MEM,13,294,0.4,24,0.364,14,0.929,27,14,8,5,121
478,Darius Miller,SF,28,NOP,69,1757,0.39,133,0.365,71,0.789,128,146,40,23,567
479,Malcolm Miller,SF,25,TOR,10,67,0.423,10,0.476,4,0.75,5,1,1,1,35
480,Patty Mills,PG,30,SAS,82,1908,0.425,159,0.394,103,0.854,182,245,49,10,811
481,Paul Millsap,PF,33,DEN,70,1895,0.484,58,0.365,249,0.727,505,141,83,54,883
482,Shake Milton,SG,22,PHI,20,268,0.391,14,0.318,7,0.714,35,18,8,8,87
483,Nikola Mirotić,PF,27,TOT,46,1245,0.439,116,0.365,124,0.847,339,55,31,34,697
484,Nikola Mirotić,PF,27,NOP,32,925,0.447,85,0.368,101,0.842,264,35,21,25,534
485,Nikola Mirotić,PF,27,MIL,14,320,0.415,31,0.356,23,0.87,75,20,10,9,163
486,Donovan Mitchell,SG,22,UTA,77,2598,0.432,188,0.362,396,0.806,316,322,106,31,1829
487,Naz Mitrou-Long,SG,25,UTA,14,84,0.3,2,0.182,2,1,6,15,1,1,16
488,Malik Monk,SG,20,CHO,73,1258,0.387,109,0.33,102,0.882,137,117,37,19,653
489,Greg Monroe,C,28,TOT,43,480,0.487,1,0.2,72,0.625,172,24,14,8,230
490,Greg Monroe,C,28,TOR,38,423,0.46,0,0,61,0.574,156,16,13,8,183
491,Greg Monroe,C,28,BOS,2,5,0.6,0,,0,,3,1,0,0,6
492,Greg Monroe,C,28,PHI,3,52,0.652,1,1,11,0.909,13,7,1,0,41
493,E'Twaun Moore,SG,29,NOP,53,1463,0.481,76,0.432,59,0.763,127,102,40,8,633
494,Eric Moreland,PF,27,TOT,5,43,0.429,1,1,0,,20,4,1,1,7
495,Eric Moreland,PF,27,PHO,1,5,,0,,0,,3,0,0,0,0
496,Eric Moreland,PF,27,TOR,4,38,0.429,1,1,0,,17,4,1,1,7
497,Jaylen Morris,SG,23,MIL,4,29,0.4,1,0.333,2,0.5,5,4,2,0,10
498,,,,,,,,,,,,,,,,
499,Marcus Morris,PF,29,BOS,75,2091,0.447,146,0.375,173,0.844,458,109,43,25,1046
500,Markieff Morris,PF,29,TOT,58,1270,0.421,68,0.335,92,0.772,265,79,36,22,547
501,Markieff Morris,PF,29,WAS,34,883,0.436,48,0.333,73,0.781,174,60,25,20,391
502,Markieff Morris,PF,29,OKC,24,387,0.391,20,0.339,19,0.737,91,19,11,2,156
503,Monte Morris,PG,23,DEN,82,1970,0.493,94,0.414,81,0.802,194,297,73,4,851
504,Donatas Motiejūnas,PF,28,SAS,3,13,0.5,0,,2,0,3,1,0,1,6
505,Johnathan Motley,PF,23,LAC,22,156,0.534,0,0,40,0.6,51,11,5,3,102
506,Emmanuel Mudiay,PG,22,NYK,59,1607,0.446,69,0.329,186,0.774,196,228,43,19,873
507,Jamal Murray,PG,21,DEN,75,2447,0.437,152,0.367,223,0.848,317,363,67,27,1367
508,Džanan Musa,SG,19,BRK,9,39,0.409,1,0.1,2,0,5,2,2,0,19
509,Mike Muscala,PF,27,TOT,64,1306,0.402,89,0.348,85,0.824,244,76,22,38,449
510,Mike Muscala,PF,27,PHI,47,1041,0.392,68,0.342,77,0.818,200,62,18,27,349
511,Mike Muscala,PF,27,LAL,17,265,0.434,21,0.368,8,0.875,44,14,4,11,100
512,Sviatoslav Mykhailiuk,SF,21,TOT,42,440,0.329,29,0.326,20,0.6,36,37,14,1,133
513,Sviatoslav Mykhailiuk,SF,21,LAL,39,420,0.333,27,0.318,20,0.6,34,33,13,1,127
514,Sviatoslav Mykhailiuk,SF,21,DET,3,20,0.25,2,0.5,0,,2,4,1,0,6
515,Abdel Nader,SF,25,OKC,61,694,0.423,32,0.32,36,0.75,116,20,20,12,241
516,Larry Nance,C,26,CLE,67,1795,0.52,33,0.337,134,0.716,552,214,100,40,627
517,Shabazz Napier,PG,27,BRK,56,983,0.389,76,0.333,138,0.833,100,143,41,16,529
518,Raul Neto,PG,26,UTA,37,474,0.46,20,0.333,33,0.848,62,93,14,4,196
519,Georges Niang,PF,25,UTA,59,516,0.475,43,0.41,24,0.833,87,35,10,6,235
520,Joakim Noah,C,33,MEM,42,693,0.516,0,0,109,0.716,238,89,20,31,298
521,Nerlens Noel,C,24,OKC,77,1055,0.587,0,,79,0.684,325,45,66,96,378
522,Dirk Nowitzki,PF,40,DAL,51,795,0.359,64,0.312,50,0.78,158,35,9,18,373
523,Frank Ntilikina,PG,20,NYK,43,904,0.337,33,0.287,30,0.767,87,121,30,14,246
524,James Nunnally,SF,28,TOT,15,102,0.353,8,0.32,4,1,5,7,1,0,36
525,James Nunnally,SF,28,MIN,13,64,0.429,5,0.385,4,1,4,5,1,0,27
526,James Nunnally,SF,28,HOU,2,38,0.231,3,0.25,0,,1,2,0,0,9
527,,,,,,,,,,,,,,,,
528,Jusuf Nurkić,C,24,POR,72,1974,0.508,3,0.103,365,0.773,748,233,71,103,1125
529,David Nwaba,SG,26,CLE,51,984,0.481,24,0.32,85,0.682,163,54,36,17,334
530,Royce O'Neale,SF,25,UTA,82,1671,0.475,68,0.386,42,0.762,285,124,54,24,426
531,Kyle O'Quinn,C,28,IND,45,371,0.507,1,0.083,21,0.81,119,56,9,25,156
532,Semi Ojeleye,PF,24,BOS,56,594,0.424,28,0.315,39,0.615,86,23,10,4,186
533,Jahlil Okafor,C,23,NOP,59,935,0.586,1,0.2,89,0.663,278,40,15,40,484
534,Élie Okobo,PG,21,PHO,53,958,0.393,39,0.295,47,0.787,98,127,32,7,304
535,Josh Okogie,SG,20,MIN,74,1757,0.386,60,0.279,162,0.728,218,91,88,33,570
536,Victor Oladipo,SG,26,IND,36,1147,0.423,74,0.343,141,0.73,202,186,60,11,675
537,Kelly Olynyk,PF,27,MIA,79,1812,0.463,113,0.354,185,0.822,375,140,53,37,787
538,Cedi Osman,SF,23,CLE,76,2444,0.427,130,0.348,181,0.779,357,195,60,11,991
539,Kelly Oubre,SF,23,TOT,69,1935,0.445,108,0.32,244,0.775,325,84,84,59,1047
540,Kelly Oubre,SF,23,WAS,29,755,0.433,41,0.311,85,0.8,129,20,27,20,373
541,Kelly Oubre,SF,23,PHO,40,1180,0.453,67,0.325,159,0.761,196,64,57,39,674
542,Zaza Pachulia,C,34,DET,68,878,0.44,0,0,124,0.782,265,91,31,17,267
543,Jabari Parker,PF,23,TOT,64,1724,0.493,61,0.313,184,0.712,421,152,46,30,930
544,Jabari Parker,PF,23,CHI,39,1042,0.474,37,0.325,108,0.731,241,84,23,14,556
545,Jabari Parker,PF,23,WAS,25,682,0.523,24,0.296,76,0.684,180,68,23,16,374
546,Tony Parker,PG,36,CHO,56,1003,0.46,13,0.255,124,0.734,83,207,21,7,530
547,Chandler Parsons,SF,30,MEM,25,496,0.374,29,0.309,25,0.88,70,43,19,5,187
548,Patrick Patterson,PF,29,OKC,63,861,0.374,46,0.336,30,0.633,147,31,16,13,229
549,Justin Patton,C,21,PHI,3,21,0.286,0,0,2,0.5,6,3,2,0,5
550,Chris Paul,PG,33,HOU,58,1857,0.419,127,0.358,203,0.862,265,473,114,18,906
551,Cameron Payne,PG,24,TOT,40,712,0.43,25,0.298,41,0.805,72,106,28,9,250
552,Cameron Payne,PG,24,CHI,31,536,0.411,16,0.271,25,0.88,53,83,20,6,176
553,Cameron Payne,PG,24,CLE,9,176,0.491,9,0.36,16,0.688,19,23,8,3,74
554,,,,,,,,,,,,,,,,
555,Elfrid Payton,PG,24,NOP,42,1250,0.434,33,0.314,74,0.743,220,320,44,17,446
556,Gary Payton,PG,26,WAS,3,16,0.625,1,0.5,0,,2,4,3,1,11
557,Theo Pinson,SG,23,BRK,18,211,0.342,12,0.261,22,0.864,36,21,6,0,81
558,Mason Plumlee,C,28,DEN,82,1731,0.593,2,0.2,198,0.561,524,243,66,76,637
559,Miles Plumlee,C,30,ATL,18,173,0.667,0,,30,0.533,39,17,6,4,80
560,Jakob Pöltl,C,23,SAS,77,1273,0.645,0,,92,0.533,410,93,29,68,423
561,Quincy Pondexter,SF,30,SAS,53,292,0.5,6,0.333,42,0.81,46,24,11,1,98
562,Otto Porter,SF,25,TOT,56,1683,0.465,104,0.406,96,0.813,314,120,82,31,780
563,Otto Porter,SF,25,WAS,41,1191,0.457,65,0.369,64,0.766,231,80,64,22,518
564,Otto Porter,SF,25,CHI,15,492,0.483,39,0.488,32,0.906,83,40,18,9,262
565,Bobby Portis,PF,23,TOT,50,1299,0.444,75,0.393,97,0.794,403,72,35,20,710
566,Bobby Portis,PF,23,CHI,22,531,0.45,27,0.375,50,0.78,161,29,11,8,310
567,Bobby Portis,PF,23,WAS,28,768,0.44,48,0.403,47,0.809,242,43,24,12,400
568,Dwight Powell,C,27,DAL,77,1662,0.597,39,0.307,254,0.772,411,112,44,50,815
569,Norman Powell,SG,25,TOR,60,1126,0.483,68,0.4,75,0.827,139,91,39,13,516
570,Alex Poythress,PF,25,ATL,21,305,0.494,9,0.391,29,0.621,76,17,4,10,107
571,Zhou Qi,PF,23,HOU,1,1,1,0,,0,,0,0,0,0,2
572,Ivan Rabb,PF,21,MEM,49,721,0.547,3,0.2,69,0.71,206,54,17,14,284
573,Chasson Randle,PG,25,WAS,49,743,0.419,46,0.4,62,0.694,56,97,25,3,271
574,Julius Randle,PF,24,NOP,73,2232,0.524,67,0.344,487,0.731,634,229,52,45,1565
575,J.J. Redick,SG,34,PHI,76,2379,0.44,240,0.397,255,0.894,186,206,32,17,1372
576,Davon Reed,SG,23,IND,10,47,0.417,2,0.5,0,,6,3,1,0,12
577,Cameron Reynolds,SG,23,MIN,19,259,0.423,21,0.412,9,0.889,31,13,6,2,95
578,Josh Richardson,SG,25,MIA,73,2539,0.412,164,0.357,231,0.861,263,298,79,34,1209
579,,,,,,,,,,,,,,,,
580,Malachi Richardson,SG,23,TOR,22,103,0.31,8,0.32,5,0.8,13,0,1,0,30
581,Austin Rivers,SG,26,TOT,76,2028,0.406,104,0.318,95,0.526,162,167,47,23,618
582,Austin Rivers,SG,26,WAS,29,683,0.392,33,0.311,46,0.543,71,58,18,10,210
583,Austin Rivers,SG,26,HOU,47,1345,0.413,71,0.321,49,0.51,91,109,29,13,408
584,Devin Robinson,SF,23,WAS,7,95,0.594,0,0,14,0.643,20,6,4,6,47
585,Duncan Robinson,PF,24,MIA,15,161,0.391,10,0.286,6,0.667,19,5,5,0,50
586,Glenn Robinson,SF,25,DET,47,610,0.42,18,0.29,40,0.8,71,21,14,8,198
587,Jerome Robinson,SG,21,LAC,33,320,0.4,18,0.316,9,0.667,41,19,11,3,112
588,Mitchell Robinson,C,20,NYK,66,1360,0.694,0,,135,0.6,423,37,52,161,485
589,Rajon Rondo,PG,32,LAL,46,1369,0.405,51,0.359,36,0.639,243,367,57,7,424
590,Derrick Rose,PG,30,MIN,51,1392,0.482,54,0.37,160,0.856,140,220,31,12,917
591,Terrence Ross,SG,27,ORL,81,2150,0.428,217,0.383,144,0.875,280,135,72,29,1223
592,Terry Rozier,PG,24,BOS,79,1791,0.387,119,0.353,93,0.785,307,231,68,21,708
593,Ricky Rubio,PG,28,UTA,68,1899,0.404,79,0.311,228,0.855,243,416,91,10,864
594,D'Angelo Russell,PG,22,BRK,81,2448,0.434,234,0.369,205,0.78,315,563,100,20,1712
595,Domantas Sabonis,C,22,IND,74,1838,0.59,9,0.529,291,0.715,690,212,48,30,1043
596,Brandon Sampson,SG,21,CHI,14,214,0.467,11,0.379,6,0.667,16,10,8,3,71
597,JaKarr Sampson,SF,25,CHI,4,127,0.537,5,0.357,21,0.81,32,4,4,3,80
598,Dario Šarić,PF,24,TOT,81,2023,0.437,118,0.365,150,0.88,457,127,45,9,858
599,Dario Šarić,PF,24,PHI,13,396,0.364,21,0.3,30,0.9,86,26,4,3,144
600,Dario Šarić,PF,24,MIN,68,1627,0.454,97,0.383,120,0.875,371,101,41,6,714
601,Tomáš Satoranský,PG,27,WAS,80,2164,0.485,64,0.395,160,0.819,279,399,82,13,709
602,Dennis Schröder,PG,25,OKC,79,2314,0.414,124,0.341,227,0.819,284,323,65,12,1224
603,Mike Scott,PF,30,TOT,79,1395,0.4,101,0.401,33,0.667,276,66,26,13,459
604,Mike Scott,PF,30,LAC,52,748,0.4,52,0.391,18,0.667,174,44,17,8,248
605,Mike Scott,PF,30,PHI,27,647,0.4,49,0.412,15,0.667,102,22,9,5,211
606,,,,,,,,,,,,,,,,
607,Thabo Sefolosha,SF,34,UTA,50,609,0.477,34,0.436,22,0.636,123,27,43,5,190
608,Wayne Selden,SG,24,TOT,75,1439,0.406,55,0.316,92,0.728,180,109,33,13,514
609,Wayne Selden,SG,24,MEM,32,455,0.404,20,0.317,29,0.759,44,36,10,6,172
610,Wayne Selden,SG,24,CHI,43,984,0.407,35,0.315,63,0.714,136,73,23,7,342
611,Collin Sexton,PG,20,CLE,82,2605,0.43,119,0.402,255,0.839,236,243,44,6,1371
612,Landry Shamet,SG,21,TOT,79,1802,0.431,167,0.422,93,0.806,134,117,37,10,722
613,Landry Shamet,SG,21,PHI,54,1108,0.441,99,0.404,54,0.815,78,59,24,8,449
614,Landry Shamet,SG,21,LAC,25,694,0.414,68,0.45,39,0.795,56,58,13,2,273
615,Iman Shumpert,SG,28,TOT,62,1481,0.374,95,0.348,45,0.8,183,112,59,24,465
616,Iman Shumpert,SG,28,SAC,42,1099,0.382,74,0.366,41,0.829,129,91,47,20,374
617,Iman Shumpert,SG,28,HOU,20,382,0.347,21,0.296,4,0.5,54,21,12,4,91
618,Pascal Siakam,PF,24,TOR,80,2548,0.549,79,0.369,302,0.785,549,248,73,52,1354
619,Jordan Sibert,SG,26,ATL,1,4,1,1,1,0,,0,0,0,0,3
620,Ben Simmons,PG,22,PHI,79,2700,0.563,0,0,428,0.6,697,610,112,61,1337
621,Jonathon Simmons,SG-SF,29,TOT,56,1064,0.38,28,0.269,97,0.742,126,128,29,15,366
622,Jonathon Simmons,SG,29,ORL,41,845,0.364,19,0.229,72,0.778,100,95,18,14,283
623,Jonathon Simmons,SF,29,PHI,15,219,0.453,9,0.429,25,0.64,26,33,11,1,83
624,Kobi Simmons,PG,21,CLE,1,2,,0,,0,,0,0,0,0,0
625,Anfernee Simons,SG,19,POR,20,141,0.444,10,0.345,16,0.563,13,13,1,0,75
626,Marcus Smart,SG,24,BOS,80,2200,0.422,126,0.364,129,0.806,234,321,143,28,708
627,Dennis Smith,PG,21,TOT,53,1508,0.428,67,0.322,156,0.635,155,252,67,20,722
628,Dennis Smith,PG,21,DAL,32,908,0.44,43,0.344,82,0.695,97,138,40,11,414
629,Dennis Smith,PG,21,NYK,21,600,0.413,24,0.289,74,0.568,58,114,27,9,308
630,Ish Smith,PG,30,DET,56,1251,0.419,44,0.326,62,0.758,145,203,28,11,501
631,J.R. Smith,SG,33,CLE,11,222,0.342,12,0.308,10,0.8,18,21,11,3,74
632,Jason Smith,PF-C,32,TOT,20,190,0.356,9,0.346,16,0.875,52,14,3,7,65
633,Jason Smith,C,32,WAS,12,130,0.405,4,0.4,12,0.833,37,12,1,5,44
634,Jason Smith,PF,32,MIL,6,40,0.308,3,0.333,2,1,11,1,2,2,13
635,Jason Smith,C,32,NOP,2,20,0.222,2,0.286,2,1,4,1,0,0,8
636,Zhaire Smith,SG,19,PHI,6,111,0.412,6,0.375,8,0.75,13,10,2,2,40
637,Tony Snell,SF,27,MIL,74,1304,0.452,81,0.397,42,0.881,157,68,26,18,444
638,Ray Spalding,PF,21,TOT,14,148,0.532,0,0,12,0.333,48,5,9,8,54
639,Ray Spalding,PF,21,DAL,1,1,,0,,0,,0,0,0,0,0
640,Ray Spalding,PF,21,PHO,13,147,0.532,0,0,12,0.333,48,5,9,8,54
641,Omari Spellman,PF,21,ATL,46,805,0.402,44,0.344,45,0.711,194,47,26,25,272
642,,,,,,,,,,,,,,,,
643,Nik Stauskas,SG,25,TOT,68,1015,0.402,70,0.372,64,0.891,127,81,21,7,399
644,Nik Stauskas,SG,25,POR,44,673,0.419,43,0.344,36,0.889,80,62,14,4,267
645,Nik Stauskas,SG,25,CLE,24,342,0.367,27,0.429,28,0.893,47,19,7,3,132
646,D.J. Stephens,SG,28,MEM,1,7,0.5,0,,0,,0,0,1,0,2
647,Lance Stephenson,SG,28,LAL,68,1123,0.426,73,0.371,73,0.685,215,140,41,7,491
648,Edmond Sumner,PG,23,IND,23,210,0.344,7,0.259,24,0.625,24,10,12,5,66
649,Caleb Swanigan,PF,21,TOT,21,178,0.34,1,0.143,9,0.667,64,11,6,1,43
650,Caleb Swanigan,PF,21,POR,18,145,0.318,1,0.2,7,0.857,52,7,4,0,35
651,Caleb Swanigan,PF,21,SAC,3,33,0.444,0,0,2,0,12,4,2,1,8
652,Jayson Tatum,SF,20,BOS,79,2455,0.45,116,0.373,228,0.855,477,168,84,57,1243
653,Jeff Teague,PG,30,MIN,42,1264,0.423,35,0.333,153,0.804,106,343,43,18,510
654,Garrett Temple,SG,32,TOT,75,2040,0.422,90,0.341,107,0.748,216,106,76,30,586
655,Garrett Temple,SG,32,MEM,49,1530,0.429,74,0.352,76,0.75,152,69,50,25,463
656,Garrett Temple,SG,32,LAC,26,510,0.396,16,0.296,31,0.742,64,37,26,5,123
657,Miloš Teodosić,PG,31,LAC,15,150,0.425,10,0.37,7,0.571,16,32,3,1,48
658,Jared Terrell,SG,23,MIN,14,111,0.308,4,0.235,6,0.5,6,12,3,2,31
659,Emanuel Terry,PF,22,TOT,3,23,0.571,0,,4,0.5,7,2,3,0,10
660,Emanuel Terry,PF,22,PHO,2,20,0.667,0,,2,0.5,6,1,3,0,9
661,Emanuel Terry,PF,22,MIA,1,3,0,0,,2,0.5,1,1,0,0,1
662,Daniel Theis,C,26,BOS,66,908,0.549,26,0.388,76,0.737,225,68,21,42,374
663,Isaiah Thomas,SG,29,DEN,12,181,0.343,12,0.279,27,0.63,13,23,5,1,97
664,Khyri Thomas,SG,22,DET,26,195,0.319,10,0.286,11,0.636,20,8,7,5,61
665,Lance Thomas,PF,30,NYK,46,783,0.396,22,0.278,36,0.75,117,27,17,7,205
666,Klay Thompson,SG,28,GSW,78,2652,0.467,241,0.402,158,0.816,299,186,84,47,1680
667,Tristan Thompson,C,27,CLE,43,1198,0.529,0,,106,0.642,438,86,28,16,470
668,Sindarius Thornwell,SG,24,LAC,64,313,0.347,3,0.2,34,0.735,44,18,14,7,62
669,Anthony Tolliver,PF,33,MIN,65,1079,0.382,81,0.377,60,0.783,177,46,17,21,326
670,Karl-Anthony Towns,C,23,MIN,77,2545,0.518,142,0.4,450,0.836,954,259,67,125,1880
671,,,,,,,,,,,,,,,,
672,Gary Trent,SG,20,POR,15,111,0.32,5,0.238,7,0.429,11,5,1,2,40
673,Allonzo Trier,SG,23,NYK,64,1459,0.448,52,0.394,223,0.803,197,119,28,14,695
674,P.J. Tucker,PF,33,HOU,82,2802,0.396,146,0.377,59,0.695,479,96,132,39,601
675,Evan Turner,PG,30,POR,73,1605,0.46,11,0.212,106,0.708,328,283,33,18,494
676,Myles Turner,C,22,IND,74,2119,0.487,76,0.388,201,0.736,531,115,60,199,984
677,Ekpe Udoh,C,31,UTA,51,320,0.694,0,,30,0.633,90,28,10,31,119
678,Tyler Ulis,PG,23,CHI,1,1,,0,,0,,0,0,0,0,0
679,Jonas Valančiūnas,C,26,TOT,49,1091,0.559,14,0.292,185,0.795,419,70,19,53,763
680,Jonas Valančiūnas,C,26,TOR,30,564,0.575,9,0.3,94,0.819,216,29,13,23,384
681,Jonas Valančiūnas,C,26,MEM,19,527,0.545,5,0.278,91,0.769,203,41,6,30,379
682,Jarred Vanderbilt,PF,19,DEN,17,69,0.474,0,0,10,0.6,23,3,6,1,24
683,Fred VanVleet,PG,24,TOR,64,1760,0.41,112,0.378,115,0.843,167,307,57,20,701
684,Noah Vonleh,PF,23,NYK,68,1722,0.47,46,0.336,156,0.712,528,129,46,51,571
685,Nikola Vučević,C,28,ORL,80,2510,0.518,84,0.364,227,0.789,960,307,81,89,1665
686,Dwyane Wade,SG,37,MIA,72,1885,0.433,86,0.33,233,0.708,285,301,59,38,1083
687,Moritz Wagner,C,21,LAL,43,446,0.415,22,0.286,53,0.811,85,24,11,13,207
688,Dion Waiters,SG,27,MIA,44,1138,0.414,109,0.377,44,0.5,116,121,29,9,527
689,Kemba Walker,PG,28,CHO,82,2863,0.434,260,0.356,450,0.844,361,484,102,34,2102
690,Lonnie Walker,SG,20,SAS,17,118,0.348,5,0.385,10,0.8,17,9,7,3,45
691,John Wall,PG,28,WAS,32,1104,0.444,51,0.302,175,0.697,116,279,49,29,663
692,Tyrone Wallace,PG,24,LAC,62,628,0.424,4,0.211,57,0.526,101,42,21,7,218
693,Taurean Waller-Prince,SF,24,ATL,55,1552,0.441,123,0.39,116,0.819,199,118,53,19,742
694,,,,,,,,,,,,,,,,
695,Brad Wanamaker,PG,29,BOS,36,343,0.476,16,0.41,28,0.857,41,56,12,2,140
696,T.J. Warren,SF,25,PHO,43,1360,0.486,77,0.428,124,0.815,174,64,51,29,772
697,Julian Washburn,SF,27,MEM,18,254,0.333,5,0.208,4,0.75,41,14,13,2,40
698,Yuta Watanabe,SF,24,MEM,15,174,0.294,2,0.125,10,0.7,31,8,4,1,39
699,Thomas Welsh,C,22,DEN,11,36,0.538,3,0.429,2,0.5,4,5,0,0,18
700,Russell Westbrook,PG,30,OKC,73,2630,0.428,119,0.29,451,0.656,807,784,142,33,1675
701,Derrick White,PG,24,SAS,67,1728,0.479,48,0.338,123,0.772,247,263,67,47,663
702,Okaro White,PF,26,WAS,3,6,0,0,0,0,,2,0,0,0,0
703,Hassan Whiteside,C,29,MIA,72,1674,0.571,2,0.125,243,0.449,817,56,46,136,887
704,Andrew Wiggins,SF,23,MIN,73,2543,0.412,118,0.339,296,0.699,352,184,70,48,1321
705,Alan Williams,PF,26,BRK,5,26,0.615,0,0,4,0.5,19,3,1,0,18
706,C.J. Williams,SG,28,MIN,15,128,0.486,5,0.313,1,0,8,12,6,0,39
707,Johnathan Williams,C,23,LAL,24,372,0.591,0,0,48,0.563,99,13,8,7,157
708,Kenrich Williams,SF,24,NOP,46,1079,0.384,52,0.333,19,0.684,219,83,45,19,279
709,Lou Williams,SG,32,LAC,75,1993,0.425,105,0.361,485,0.876,222,402,57,11,1498
710,Marvin Williams,PF,32,CHO,75,2133,0.422,140,0.366,86,0.767,407,92,71,61,756
711,Robert Williams,C,21,BOS,32,283,0.706,0,,15,0.6,81,7,9,40,81
712,Troy Williams,SF,24,SAC,21,312,0.449,14,0.318,15,0.6,59,11,10,8,111
713,D.J. Wilson,PF,22,MIL,48,882,0.414,46,0.362,47,0.553,222,52,18,20,280
714,Justise Winslow,SF,22,MIA,66,1959,0.433,96,0.375,137,0.628,355,282,72,19,830
715,,,,,,,,,,,,,,,,
716,Christian Wood,PF,23,TOT,21,251,0.521,9,0.346,56,0.732,83,8,7,10,172
717,Christian Wood,PF,23,MIL,13,62,0.48,3,0.6,15,0.667,20,2,0,0,37
718,Christian Wood,PF,23,NOP,8,189,0.533,6,0.286,41,0.756,63,6,7,10,135
719,Delon Wright,PG,26,TOT,75,1699,0.434,50,0.298,150,0.793,266,248,88,30,653
720,Delon Wright,PG,26,TOR,49,897,0.433,30,0.333,61,0.869,125,110,46,15,337
721,Delon Wright,PG,26,MEM,26,802,0.434,20,0.256,89,0.742,141,138,42,15,316
722,Guerschon Yabusele,PF,23,BOS,41,251,0.455,9,0.321,22,0.682,53,15,8,7,94
723,Nick Young,SG,33,DEN,4,37,0.333,3,0.375,0,,1,2,0,1,9
724,Thaddeus Young,PF,30,IND,81,2489,0.527,51,0.349,135,0.644,523,204,123,36,1024
725,Trae Young,PG,20,ATL,81,2503,0.418,156,0.324,414,0.829,301,653,72,15,1549
726,Cody Zeller,C,26,CHO,49,1243,0.551,6,0.273,141,0.787,333,102,38,41,497
727,Tyler Zeller,C,29,TOT,6,93,0.533,0,0,18,0.778,24,4,1,3,46
728,Tyler Zeller,C,29,ATL,2,11,0,0,0,0,,6,1,0,0,0
729,Tyler Zeller,C,29,MEM,4,82,0.571,0,,18,0.778,18,3,1,3,46
730,Ante Žižić,C,22,CLE,59,1082,0.553,0,,132,0.705,320,53,13,22,459
731,Ivica Zubac,C,21,TOT,59,1040,0.559,0,,126,0.802,362,63,14,51,525
732,Ivica Zubac,C,21,LAL,33,516,0.58,0,,66,0.864,162,25,4,27,281
733,Ivica Zubac,C,21,LAC,26,524,0.538,0,,60,0.733,200,38,10,24,244
